lat,lon,Category,Item,Priority,ResponseId,IsIdentifi
38.9402421,-77.0518827,cultural landscapes,peirce barn,high priority,r_8w9izs7hkh5yfhh,Y
38.8934057,-77.0211372,archival records,"records of the national council of negro women, inc.",medium priority,r_5thz7ieszpso85x,Y
38.8894838,-77.0352791,monuments,washington monument,high priority,r_v2kenleslvx7szt,Y
38.8892686,-77.050176,memorial monuments,lincoln memorial,high priority,r_1f3aarezamiclts,Y
38.8894838,-77.0352791,architecture,washington monument,highest priority,r_ahsf0bonuemlpkj,Y
38.895278,-77.017778,architecture,old city hall,high priority,r_3nppaxdcvf2hyyr,Y
38.8896198,-77.0229772,government,national mall, ,r_shj7d6dvy0l1pml,Y
38.8910644,-77.032614,museums,african-american museum, ,r_2qoeb7sfl4eb8ms,Y
38.8894838,-77.0352791,monuments,washington monument,highest priority,r_1kfmbchhf6qv431,Y
38.8899389,-77.0090505,"buildings (esp. government, such as capitol, white house)",capitol,high priority,r_vuz6kzgsla405gx,Y
38.8894838,-77.0352791,iconic national symbols such as monuments,washington monument,highest priority,r_bdxbuczihblhjxh,Y
38.8859942,-77.0212813,museums,smithsonian family,high priority,r_vi5mm7t9v1b59en,Y
38.8976763,-77.0365298,buildings,the white house,high priority,r_3l0f4get4abitl8,Y
38.8896198,-77.0229772,public spaces/landscapes/parks,national mall,high priority,r_3g0p12bdavkrzsh,Y
38.9210639,-77.0358109,urban parks,meridian hill park,highest priority,r_3ndcrjftkaywg2b,Y
38.8899389,-77.0090505,government,capitol buildings,highest priority,r_3khaxpkhdfvfdea,Y
38.8976763,-77.0365298,buildings,white house,highest priority,r_2ysx6l5o3thhqls,Y
38.8912662,-77.0260654,museums,the smithsonian,highest priority,r_2tah0zrebtsdsif,Y
38.8881608,-77.0229682,art and cultural museums,hirshhorn,high priority,r_3m8pnqjyjaxi3os,Y
38.9210639,-77.0358109,cultural landscapes,meridian hill, ,r_2pw8fgljpi6ennr,Y
38.8899389,-77.0090505,civic resources (related to government),the capitol,highest priority,r_3rxzagbuhfrd8cf,Y
38.9359689,-77.0499654,cultural landscapes,klingle mansion,high priority,r_8w9izs7hkh5yfhh,Y
38.8896198,-77.0229772,designed landscapes,the mall,high priority,r_3gyl38glauuwjnm,Y
38.8899389,-77.0090505,monuments,capitol buidling,high priority,r_v2kenleslvx7szt,Y
38.8813806,-77.0364536,memorial monuments,jefferson memorial,high priority,r_1f3aarezamiclts,Y
38.8813806,-77.0364536,architecture,jefferson memorial,high priority,r_ahsf0bonuemlpkj,Y
38.888684,-77.004719,federal buildings,library of congress,high priority,r_31slcozzhtx87pm,Y
38.8912662,-77.0260654,government,smithsonian & associated museums, ,r_shj7d6dvy0l1pml,Y
38.8881601,-77.0198679,museums,air and space museum, ,r_2qoeb7sfl4eb8ms,Y
38.8892686,-77.050176,monuments,lincoln memorial,highest priority,r_1kfmbchhf6qv431,Y
38.8976763,-77.0365298,"buildings (esp. government, such as capitol, white house)",white house,high priority,r_vuz6kzgsla405gx,Y
38.8899389,-77.0090505,iconic national symbols such as monuments,capitol,highest priority,r_bdxbuczihblhjxh,Y
38.8838726,-77.0254588,museums,spy museum,medium priority,r_vi5mm7t9v1b59en,Y
38.8899389,-77.0090505,buildings,the capital,highest priority,r_3l0f4get4abitl8,Y
38.9375639,-77.0479223,public spaces/landscapes/parks,rock creek park,high priority,r_3g0p12bdavkrzsh,Y
38.9375639,-77.0479223,urban parks,rock creek park,highest priority,r_3ndcrjftkaywg2b,Y
38.9375639,-77.0479223,designed landscapes,rock creek park,medium priority,r_2rbfbioolgorhuu,Y
38.8912662,-77.0260654,buildings,smithsonian complex,highest priority,r_2ysx6l5o3thhqls,Y
38.8938578,-77.0403243,buildings,dar constitution hall,high priority,r_0sbsdq6xewccwcx,Y
38.8838726,-77.0254588,museums,international spy musuem,highest priority,r_2tah0zrebtsdsif,Y
38.891298,-77.019965,art and cultural museums,nga east and west,high priority,r_3m8pnqjyjaxi3os,Y
38.9375639,-77.0479223,archaeological sites - prehistoric and historic on land,rock creek preshistoric quarry,highest priority,r_sdzcjogcfg83uon,Y
38.8912662,-77.0260654,museums,nmnh,highest priority,r_2zbwymkoievyjl6,Y
38.914148,-77.0640129,cultural landscapes,dumbarton oaks park, ,r_2pw8fgljpi6ennr,Y
38.8894838,-77.0352791,civic resources (related to government),the washington monument,highest priority,r_3rxzagbuhfrd8cf,Y
38.9375639,-77.0479223,archival records,rock creek park resource management records,high priority,r_5thz7ieszpso85x,Y
38.8976763,-77.0365298,monuments,white house,high priority,r_v2kenleslvx7szt,Y
38.8861994,-77.0442038,memorial monuments,"mlk jr, memorial",high priority,r_1f3aarezamiclts,Y
38.8976763,-77.0365298,architecture,white house,high priority,r_ahsf0bonuemlpkj,Y
38.8977516,-77.0176188,federal buildings,building museum,medium priority,r_31slcozzhtx87pm,Y
38.9081761,-77.030795,buildings,mary mcleod bethune house,medium priority,r_1gznuanq0c3dwvl,Y
38.8813806,-77.0364536,monuments,jefferson memorial,highest priority,r_1kfmbchhf6qv431,Y
38.8976763,-77.0365298,iconic national symbols such as monuments,white house,highest priority,r_bdxbuczihblhjxh,Y
38.8930396,-77.0192849,museums,newseum,medium priority,r_vi5mm7t9v1b59en,Y
38.8912662,-77.0260654,buildings,smithsonian museums,highest priority,r_3l0f4get4abitl8,Y
38.8978,-77.0058,public spaces/landscapes/parks,union station,medium priority,r_3g0p12bdavkrzsh,Y
38.8896198,-77.0229772,urban parks,national mall,highest priority,r_3ndcrjftkaywg2b,Y
38.8896198,-77.0229772,designed landscapes,national mall,highest priority,r_2rbfbioolgorhuu,Y
38.8899389,-77.0090505,buildings,capitol building,highest priority,r_2ysx6l5o3thhqls,Y
38.8976763,-77.0365298,buildings,white house,highest priority,r_0sbsdq6xewccwcx,Y
38.8912662,-77.0260654,public buildings,smithsonian, ,r_1ezzkn0ck6l2hxq,Y
38.8930396,-77.0192849,museums,newsium,highest priority,r_2tah0zrebtsdsif,Y
38.8910644,-77.032614,art and cultural museums,african american history museum,high priority,r_3m8pnqjyjaxi3os,Y
38.8894838,-77.0352791,archaeological sites - prehistoric and historic on land,washington monument grounds,high priority,r_sdzcjogcfg83uon,Y
38.9134084,-77.0609905,cultural landscapes,montrose park, ,r_2pw8fgljpi6ennr,Y
38.8892686,-77.050176,civic resources (related to government),the lincoln memorial,highest priority,r_3rxzagbuhfrd8cf,Y
38.89862,-76.969957,cultural landscapes,langston golf course,highest priority,r_8w9izs7hkh5yfhh,Y
38.9081761,-77.030795,archival records,national archives for black womens history,high priority,r_5thz7ieszpso85x,Y
38.8912933,-77.0477132,monuments,vietnam war memorial,high priority,r_v2kenleslvx7szt,Y
38.896,-77.0331,memorial monuments,wwi memorial,high priority,r_1f3aarezamiclts,Y
38.8899389,-77.0090505,architecture,capitol,highest priority,r_ahsf0bonuemlpkj,Y
38.8967526,-77.0262938,federal buildings,"fords theater, lincolns cottage",highest priority,r_31slcozzhtx87pm,Y
38.8976763,-77.0365298,buildings,white house,highest priority,r_1gznuanq0c3dwvl,Y
38.8912793,-77.0300509,museums,natural history museum, ,r_2qoeb7sfl4eb8ms,Y
38.8896198,-77.0229772,monuments,mall,highest priority,r_1kfmbchhf6qv431,Y
38.8906116,-77.0045361,"buildings (esp. government, such as capitol, white house)",supreme court building,high priority,r_vuz6kzgsla405gx,Y
38.8813806,-77.0364536,iconic national symbols such as monuments,jefferson memorial,highest priority,r_bdxbuczihblhjxh,Y
38.896667,-77.025833,museums,"nps installations (ford's theater, etc.)",highest priority,r_vi5mm7t9v1b59en,Y
38.888684,-77.004719,buildings,library of congress,highest priority,r_3l0f4get4abitl8,Y
38.8840761,-77.0384557,public spaces/landscapes/parks,tidal basin,high priority,r_3g0p12bdavkrzsh,Y
38.9019574,-77.0389955,urban parks,farragut square,highest priority,r_3ndcrjftkaywg2b,Y
38.8997145,-77.0485992,buildings,george washington university,highest priority,r_2ysx6l5o3thhqls,Y
38.905556,-77.060556,buildings,old stone house,high priority,r_0sbsdq6xewccwcx,Y
38.8883484,-77.0165034,art and cultural museums,nmai,high priority,r_3m8pnqjyjaxi3os,Y
38.9144528,-77.0497515,archaeological sites - prehistoric and historic on land,anthony holmead house in mitchell park,high priority,r_sdzcjogcfg83uon,Y
38.8881601,-77.0198679,museums,air and space,highest priority,r_2zbwymkoievyjl6,Y
38.8813806,-77.0364536,civic resources (related to government),the jefferson memorial,highest priority,r_3rxzagbuhfrd8cf,Y
38.8896198,-77.0229772,cultural landscapes,national mall,highest priority,r_8w9izs7hkh5yfhh,Y
38.907778,-77.030278,archival records,martha sinton harper papers,medium priority,r_5thz7ieszpso85x,Y
38.8878219,-77.0477897,monuments,korean war memorial,high priority,r_v2kenleslvx7szt,Y
38.8912933,-77.0477132,memorial monuments,vietnam memorial,high priority,r_1f3aarezamiclts,Y
38.8632895,-76.9851973,architecture,frederick douglass house,high priority,r_ahsf0bonuemlpkj,Y
38.8811124,-76.9779875,federal buildings,congressional cemetery,high priority,r_31slcozzhtx87pm,Y
38.8899389,-77.0090505,government,capitol, ,r_shj7d6dvy0l1pml,Y
38.8976763,-77.0365298,monuments,white house,highest priority,r_1kfmbchhf6qv431,Y
38.8892686,-77.050176,iconic national symbols such as monuments,lincoln memorial,highest priority,r_bdxbuczihblhjxh,Y
38.8894838,-77.0352791,buildings,washington memorial,highest priority,r_3l0f4get4abitl8,Y
38.901889,-77.030833,urban parks,franklin square,highest priority,r_3ndcrjftkaywg2b,Y
38.9019574,-77.0389955,designed landscapes,farragut square,medium priority,r_2rbfbioolgorhuu,Y
38.8978,-77.0058,buildings,union station,highest priority,r_2ysx6l5o3thhqls,Y
38.8919365,-77.0397484,buildings,c&o canal lock keepers' houses,high priority,r_0sbsdq6xewccwcx,Y
38.8991402,-77.0390322,art and cultural museums,renwick gallery,high priority,r_3m8pnqjyjaxi3os,Y
38.8966824,-77.063008,archaeological sites - prehistoric and historic on land,roosevelt island,highest priority,r_sdzcjogcfg83uon,Y
38.8883484,-77.0165034,museums,amer indian,highest priority,r_2zbwymkoievyjl6,Y
38.8861994,-77.0442038,civic resources (related to government),the mlk memorial,highest priority,r_3rxzagbuhfrd8cf,Y
38.9081761,-77.030795,archival records,records of the bethune museum and archives,medium priority,r_5thz7ieszpso85x,Y
38.9333675,-77.0006569,monuments,basilica of the national shrine of the immaculate conception,high priority,r_v2kenleslvx7szt,Y
38.8878219,-77.0477897,memorial monuments,korean war memorial,high priority,r_1f3aarezamiclts,Y
38.891298,-77.019965,architecture,national gallery of art,highest priority,r_ahsf0bonuemlpkj,Y
38.9505,-77.058,architecture,forest hill park,medium priority,r_3nppaxdcvf2hyyr,Y
38.8976763,-77.0365298,government,white house, ,r_shj7d6dvy0l1pml,Y
38.8919365,-77.0397484,buildings,canal lock houses,medium priority,r_1gznuanq0c3dwvl,Y
38.8899389,-77.0090505,monuments,capitol,highest priority,r_1kfmbchhf6qv431,Y
38.8896198,-77.0229772,iconic national symbols such as monuments,the national mall,highest priority,r_bdxbuczihblhjxh,Y
38.8892686,-77.050176,buildings,lincoln memorial,highest priority,r_3l0f4get4abitl8,Y
38.910833,-77.056111,urban parks,dumbarton,high priority,r_3ndcrjftkaywg2b,Y
38.888135,-77.02739,art and cultural museums,sackler,high priority,r_3m8pnqjyjaxi3os,Y
38.9097057,-77.0653565,archaeological sites - prehistoric and historic on land,yarrow mamout house site in georgetown,not a priority,r_sdzcjogcfg83uon,Y
38.8867076,-77.0326074,museums,holocaust,highest priority,r_2zbwymkoievyjl6,Y
38.8912933,-77.0477132,civic resources (related to government),the vietnam memorial,highest priority,r_3rxzagbuhfrd8cf,Y
38.8966824,-77.063008,cultural landscapes,theodore roosevelt island,high priority,r_8w9izs7hkh5yfhh,Y
38.8892686,-77.050176,monuments,lincoln memorial,high priority,r_v2kenleslvx7szt,Y
38.8894206,-77.0404978,memorial monuments,ww2 memorial,high priority,r_1f3aarezamiclts,Y
38.8861994,-77.0442038,architecture,martin luther king jr. memorial,high priority,r_ahsf0bonuemlpkj,Y
38.888684,-77.004719,government,library of congress, ,r_shj7d6dvy0l1pml,Y
38.905556,-77.060556,buildings,old stone house in georgetown,highest priority,r_1gznuanq0c3dwvl,Y
38.8840761,-77.0384557,iconic national symbols such as monuments,the tidal basin,highest priority,r_bdxbuczihblhjxh,Y
38.8813806,-77.0364536,buildings,jefferson memorial,highest priority,r_3l0f4get4abitl8,Y
38.9028878,-77.0653205,urban parks,georgetown waterfront,highest priority,r_3ndcrjftkaywg2b,Y
38.898333,-77.034167,buildings,us treasury,highest priority,r_2ysx6l5o3thhqls,Y
38.887988,-77.025513,art and cultural museums,african art museum,high priority,r_3m8pnqjyjaxi3os,Y
38.8834902,-76.992435,archaeological sites - prehistoric and historic on land,shotgun house site in capitol hill,not a priority,r_sdzcjogcfg83uon,Y
38.8976763,-77.0365298,civic resources (related to government),the white house,highest priority,r_3rxzagbuhfrd8cf,Y
38.8792688,-76.9519157,cultural landscapes,civil war defenses of washington,high priority,r_8w9izs7hkh5yfhh,Y
38.8896198,-77.0229772,archival records,national mall and memorial parks resource management records,high priority,r_5thz7ieszpso85x,Y
38.8813806,-77.0364536,monuments,jefferson memorial,medium priority,r_v2kenleslvx7szt,Y
38.8894838,-77.0352791,memorial monuments,washington memorial,high priority,r_1f3aarezamiclts,Y
38.8829478,-77.0424441,architecture,franklin d. roosevelt memorial,high priority,r_ahsf0bonuemlpkj,Y
38.8912933,-77.0477132,monuments,vietnam memorial,highest priority,r_1kfmbchhf6qv431,Y
38.8846992,-77.0026464,urban parks,folger park,highest priority,r_3ndcrjftkaywg2b,Y
38.89667,-77.0256687,buildings,ford's theater,highest priority,r_2ysx6l5o3thhqls,Y
38.918889,-77.012222,buildings,samulel gompers house,high priority,r_0sbsdq6xewccwcx,Y
38.8896198,-77.0229772,public buildings,the mall, ,r_1ezzkn0ck6l2hxq,Y
38.888135,-77.02739,art and cultural museums,freer,high priority,r_3m8pnqjyjaxi3os,Y
38.8593035,-76.9990736,archaeological sites - prehistoric and historic on land,barry farm post-civil war freedman community,medium priority,r_sdzcjogcfg83uon,Y
38.8632895,-76.9851973,cultural landscapes,frederick douglass home,highest priority,r_8w9izs7hkh5yfhh,Y
38.8829478,-77.0424441,memorial monuments,roosevelt memorial,high priority,r_1f3aarezamiclts,Y
38.8892686,-77.050176,architecture,lincoln memorial,highest priority,r_ahsf0bonuemlpkj,Y
38.8894206,-77.0404978,monuments,wwii memorial,highest priority,r_1kfmbchhf6qv431,Y
38.8912933,-77.0477132,iconic national symbols such as monuments,vietnam vets memorial,highest priority,r_bdxbuczihblhjxh,Y
38.889722,-76.989722,urban parks,lincoln park,highest priority,r_3ndcrjftkaywg2b,Y
38.9026,-77.0229,buildings,caregie library,highest priority,r_2ysx6l5o3thhqls,Y
38.8977516,-77.0176188,buildings,national building museum,high priority,r_0sbsdq6xewccwcx,Y
38.8953674,-76.9447835,archaeological sites - prehistoric and historic on land,fort mahan,highest priority,r_sdzcjogcfg83uon,Y
38.914148,-77.0640129,museums,dumbarton oaks,high priority,r_2zbwymkoievyjl6,Y
38.8896198,-77.0229772,civic resources (related to government),public spaces (like the parks and circles and the mall),highest priority,r_3rxzagbuhfrd8cf,Y
38.9097057,-77.0653565,architecture,old georgetown historic district,highest priority,r_ahsf0bonuemlpkj,Y
38.8978,-77.0058,government,union station, ,r_shj7d6dvy0l1pml,Y
38.8990159,-77.0353637,monuments,lafayette statue,medium priority,r_1kfmbchhf6qv431,Y
38.8887861,-77.0260229,iconic national symbols such as monuments,the castle (the smithsonian),high priority,r_bdxbuczihblhjxh,Y
38.886389,-76.996667,buildings,eastern market,high priority,r_2ysx6l5o3thhqls,Y
38.899444,-77.038611,buildings,american peace society (dc),high priority,r_0sbsdq6xewccwcx,Y
38.911759,-77.0469117,art and cultural museums,philips gallery,high priority,r_3m8pnqjyjaxi3os,Y
38.8632895,-76.9851973,archaeological sites - prehistoric and historic on land,frederick douglas house,highest priority,r_sdzcjogcfg83uon,Y
38.89667,-77.0256687,museums,ford theater,highest priority,r_2zbwymkoievyjl6,Y
38.8912662,-77.0260654,civic resources (related to government),the smithsonian,highest priority,r_3rxzagbuhfrd8cf,Y
38.8861994,-77.0442038,big honking monuments,mlk monument,highest priority,r_8w9izs7hkh5yfhh,Y
38.8976763,-77.0365298,buildings,white house,high priority,r_3gyl38glauuwjnm,Y
38.863333,-76.985278,museum objects,frederick douglass bible,high priority,r_5thz7ieszpso85x,Y
38.8912793,-77.0300509,"civic buildings (individually, and as components of the dc master plan)",natural history museum,high priority,r_1f3aarezamiclts,Y
38.8976763,-77.0365298,sites of historical events,white house,high priority,r_vuz6kzgsla405gx,Y
38.8899389,-77.0090505,architecture,capitol,high priority,r_vi5mm7t9v1b59en,Y
38.892778,-77.023056,writings,the declaration of independence,highest priority,r_3l0f4get4abitl8,Y
38.8899389,-77.0090505,buildings,us capitol and associated buildings,high priority,r_3g0p12bdavkrzsh,Y
38.8976763,-77.0365298,architecturally significant buildings,white house,high priority,r_2rbfbioolgorhuu,Y
38.8892686,-77.050176,monuments,lincoln memorial,highest priority,r_2ysx6l5o3thhqls,Y
38.8894838,-77.0352791,national monuments,washington monument,high priority,r_3m8pnqjyjaxi3os,Y
38.8899389,-77.0090505,"governmental architecture (capitol, white house, offices)",capitol, ,r_1ir1rhvkmnyocry,Y
38.8899389,-77.0090505,historically significant places,capitol,high priority,r_2zbwymkoievyjl6,Y
38.8912662,-77.0260654,"history (relating to the nation's history, mostly its founding, military history, and other civic things)",the smithsonian,highest priority,r_3rxzagbuhfrd8cf,Y
38.8894838,-77.0352791,big honking monuments,washington monument,high priority,r_8w9izs7hkh5yfhh,Y
38.8899389,-77.0090505,buildings,capitol,high priority,r_3gyl38glauuwjnm,Y
38.89108,-77.032592,museum objects,civil rights pen,high priority,r_5thz7ieszpso85x,Y
38.8840761,-77.0384557,landscapes,"the potomac tidal basin (e.g., specifically the cherry trees)",medium priority,r_v2kenleslvx7szt,Y
38.8912793,-77.0300509,"civic buildings (individually, and as components of the dc master plan)",american history museum,high priority,r_1f3aarezamiclts,Y
38.8896198,-77.0229772,landscapes,national mall, ,r_ahsf0bonuemlpkj,Y
38.8899389,-77.0090505,sites of historical events,capitol,high priority,r_vuz6kzgsla405gx,Y
38.8976763,-77.0365298,architecture,white house,high priority,r_vi5mm7t9v1b59en,Y
38.9037406,-77.0362967,buildings,"agency buildings downtown dc (eg herbert hoover building, dept. of commerce)",high priority,r_3g0p12bdavkrzsh,Y
38.8899389,-77.0090505,architecturally significant buildings,u.s. capitol building,highest priority,r_2rbfbioolgorhuu,Y
38.8894206,-77.0404978,monuments,wwii memorial,highest priority,r_2ysx6l5o3thhqls,Y
38.8894838,-77.0352791,structures,washington monument,highest priority,r_0sbsdq6xewccwcx,Y
38.8912933,-77.0477132,national monuments,vietnam veterans memorial,high priority,r_3m8pnqjyjaxi3os,Y
38.8966824,-77.063008,archaeological sites - submerged,fishweir (not yet id'd) off of roosevelt island,not a priority,r_sdzcjogcfg83uon,Y
38.888684,-77.004719,"governmental architecture (capitol, white house, offices)",library of congress, ,r_1ir1rhvkmnyocry,Y
38.8792688,-76.9519157,archeology,cwdw parks, ,r_2pw8fgljpi6ennr,Y
38.8912662,-77.0260654,"history (relating to the nation's history, mostly its founding, military history, and other civic things)",the museum of natural history,highest priority,r_3rxzagbuhfrd8cf,Y
38.8829478,-77.0424441,big honking monuments,fdr monument,high priority,r_8w9izs7hkh5yfhh,Y
38.891298,-77.019965,"civic buildings (individually, and as components of the dc master plan)",national art museum,high priority,r_1f3aarezamiclts,Y
38.9375639,-77.0479223,landscapes,rock creek park, ,r_ahsf0bonuemlpkj,Y
38.8906116,-77.0045361,sites of historical events,supreme court,high priority,r_vuz6kzgsla405gx,Y
38.8963424,-77.04141,architecture,octagon house,high priority,r_vi5mm7t9v1b59en,Y
38.8978609,-77.0229419,buildings,smithsonian and art museums,high priority,r_3g0p12bdavkrzsh,Y
38.8912933,-77.0477132,monuments,vietnam memorial,highest priority,r_2ysx6l5o3thhqls,Y
38.9035061,-77.0561739,structures,godey lime kilns,medium priority,r_0sbsdq6xewccwcx,Y
38.8894838,-77.0352791,cultural landscapes,monumental core of dc, ,r_2ylnyfxvaecyvaj,Y
38.8894206,-77.0404978,national monuments,ww2 memorial,high priority,r_3m8pnqjyjaxi3os,Y
38.8966824,-77.063008,archaeological sites - submerged,roosevelt island (mason's island causeway) not id'd,not a priority,r_sdzcjogcfg83uon,Y
38.8976763,-77.0365298,"governmental architecture (capitol, white house, offices)",white house, ,r_1ir1rhvkmnyocry,Y
38.8892686,-77.050176,big honking monuments,lincoln monument,high priority,r_8w9izs7hkh5yfhh,Y
38.8979,-77.0229,museum objects,portrait of mary mcleod bethune,high priority,r_5thz7ieszpso85x,Y
38.8867076,-77.0326074,"civic buildings (individually, and as components of the dc master plan)",holocaust museum,high priority,r_1f3aarezamiclts,Y
38.9210639,-77.0358109,landscapes,meridian hill park, ,r_ahsf0bonuemlpkj,Y
38.8875346,-77.0548459,"infrastructure - bridges, roads, tunnels",memorial bridge,highest priority,r_1gznuanq0c3dwvl,Y
38.8978,-77.0058,architecture,union station,high priority,r_vi5mm7t9v1b59en,Y
38.892778,-77.023056,writings,the constitution,highest priority,r_3l0f4get4abitl8,Y
38.8861994,-77.0442038,monuments,mlk memorial,highest priority,r_2ysx6l5o3thhqls,Y
38.8813806,-77.0364536,national monuments,jefferson memorial,high priority,r_3m8pnqjyjaxi3os,Y
38.8966824,-77.063008,archaeological sites - submerged,roosevelt island steamboat wreck,high priority,r_sdzcjogcfg83uon,Y
38.8906116,-77.0045361,"governmental architecture (capitol, white house, offices)",supreme court, ,r_1ir1rhvkmnyocry,Y
38.8912933,-77.0477132,big honking monuments,vietnam veterans monument,high priority,r_8w9izs7hkh5yfhh,Y
38.8976763,-77.0365298,landscapes,whitehouse grounds,high priority,r_v2kenleslvx7szt,Y
38.8910644,-77.032614,"civic buildings (individually, and as components of the dc master plan)",national museum of african american history,high priority,r_1f3aarezamiclts,Y
38.9644,-77.0292,battlefields,fort stevens,low priority,r_1kfmbchhf6qv431,Y
38.9305946,-77.0707808,buildings,national cathedral,medium priority,r_3g0p12bdavkrzsh,Y
38.8887861,-77.0260229,architecturally significant buildings,smithsonian institution/castle building,high priority,r_2rbfbioolgorhuu,Y
38.8894838,-77.0352791,monuments,washington monument,highest priority,r_2ysx6l5o3thhqls,Y
38.8892686,-77.050176,national monuments,lincoln memorial,high priority,r_3m8pnqjyjaxi3os,Y
38.8952,-77.0251,"governmental architecture (capitol, white house, offices)",fbi modern, ,r_1ir1rhvkmnyocry,Y
38.8878219,-77.0477897,big honking monuments,korean war monument,high priority,r_8w9izs7hkh5yfhh,Y
38.8919365,-77.0397484,buildings,lock keepers houses,medium priority,r_3gyl38glauuwjnm,Y
38.8892686,-77.050176,museum objects,lincolns hand forms,high priority,r_5thz7ieszpso85x,Y
38.8883484,-77.0165034,"civic buildings (individually, and as components of the dc master plan)",national museum of native american history,high priority,r_1f3aarezamiclts,Y
38.8978,-77.0058,historic districts in dc and outlying md and va.,not federal - union station,high priority,r_31slcozzhtx87pm,Y
38.952,-77.0759,battlefields,fort reno,low priority,r_1kfmbchhf6qv431,Y
38.9333675,-77.0006569,buildings,national shrine,medium priority,r_3g0p12bdavkrzsh,Y
38.8875346,-77.0548459,structures,arlington memorial bridge,high priority,r_0sbsdq6xewccwcx,Y
38.8966824,-77.063008,national monuments,teddy roosevelt monument,high priority,r_3m8pnqjyjaxi3os,Y
38.8881601,-77.0198679,"governmental architecture (capitol, white house, offices)",smithsonian buildings, ,r_1ir1rhvkmnyocry,Y
38.899556,-77.0572,archeology,piney branch, ,r_2pw8fgljpi6ennr,Y
38.8813806,-77.0364536,big honking monuments,jefferson memorial,high priority,r_8w9izs7hkh5yfhh,Y
38.8912933,-77.0477132,museum objects,vietnam memorial motorcycle,high priority,r_5thz7ieszpso85x,Y
38.8881601,-77.0198679,"civic buildings (individually, and as components of the dc master plan)",air and space museum,high priority,r_1f3aarezamiclts,Y
38.9707383,-77.0267,landscapes,battleground cemetery, ,r_ahsf0bonuemlpkj,Y
38.8892686,-77.050176,history,lincoln memorial, ,r_shj7d6dvy0l1pml,Y
38.89667,-77.0256687,sites of historical events,ford's theater - lincoln's death,high priority,r_vuz6kzgsla405gx,Y
38.8976763,-77.0365298,writings,"architectural renderings of the buildings that encompass the white house, mall and capital",medium priority,r_3l0f4get4abitl8,Y
38.8632895,-76.9851973,architecturally significant buildings,frederick douglass house,high priority,r_2rbfbioolgorhuu,Y
38.8878219,-77.0477897,monuments,korean war,highest priority,r_2ysx6l5o3thhqls,Y
38.8829478,-77.0424441,national monuments,fdr monument,high priority,r_3m8pnqjyjaxi3os,Y
38.8894206,-77.0404978,big honking monuments,wwii memorial,high priority,r_8w9izs7hkh5yfhh,Y
38.900019,-77.040881,"civic buildings (individually, and as components of the dc master plan)",national treasury building,high priority,r_1f3aarezamiclts,Y
38.8811124,-76.9779875,landscapes,congressional cemetery, ,r_ahsf0bonuemlpkj,Y
38.8813806,-77.0364536,history,thomas jefferson memorial, ,r_shj7d6dvy0l1pml,Y
38.8861994,-77.0442038,national monuments,mlk monument,high priority,r_3m8pnqjyjaxi3os,Y
38.8976763,-77.0365298,historically significant places,white house,high priority,r_2zbwymkoievyjl6,Y
38.896,-77.0331,big honking monuments,dc wwi memorial,high priority,r_8w9izs7hkh5yfhh,Y
38.8887861,-77.0260229,"civic buildings (individually, and as components of the dc master plan)",smithsonian castle,high priority,r_1f3aarezamiclts,Y
38.8912933,-77.0477132,history,vietnam wall, ,r_shj7d6dvy0l1pml,Y
38.8899389,-77.0090505,structures,u.s. capitol gatehouses & gateposts,high priority,r_0sbsdq6xewccwcx,Y
38.8899389,-77.0090505,national monuments,capital building,high priority,r_3m8pnqjyjaxi3os,Y
38.8976763,-77.0365298,big honking monuments,white house,high priority,r_8w9izs7hkh5yfhh,Y
38.8975917,-77.0386685,"civic buildings (individually, and as components of the dc master plan)",old executive office building,high priority,r_1f3aarezamiclts,Y
38.8912793,-77.0300509,history,smithsonian museum of natural history, ,r_shj7d6dvy0l1pml,Y
38.8896198,-77.0229772,national monuments,the mall itself,highest priority,r_3m8pnqjyjaxi3os,Y
38.8966824,-77.063008,archeology,theodore roosevlet island, ,r_2pw8fgljpi6ennr,Y
38.8861994,-77.0442038,statues,statue of dr. king mlk memorial,high priority,r_8w9izs7hkh5yfhh,Y
38.8875346,-77.0548459,structures,memorial bridge,medium priority,r_3gyl38glauuwjnm,Y
38.9108164,-77.024167,archaeological records,milk bottle from carter g woodson site,not a priority,r_5thz7ieszpso85x,Y
38.8632895,-76.9851973,historic homes,douglass home,highest priority,r_1kfmbchhf6qv431,Y
38.8912662,-77.0260654,museums,smithsonian museums,high priority,r_vuz6kzgsla405gx,Y
38.8840761,-77.0384557,"nationally familiar landscapes - tidal basin, reflecting pool, the mall",tidal basin,high priority,r_bdxbuczihblhjxh,Y
38.8913,-77.03,artifacts,the original american flag,highest priority,r_3l0f4get4abitl8,Y
38.8894838,-77.0352791,memorials and monuments,washington,highest priority,r_3ndcrjftkaywg2b,Y
38.888684,-77.004719,"archives, including photographs",library of congress, ,r_3p7xclhfaedxrsv,Y
38.8976763,-77.0365298,churches,church in front of white house,highest priority,r_cgfxmabkvhaqgxb,Y
38.905556,-77.060556,structures,old stone house, ,r_2pw8fgljpi6ennr,Y
38.891298,-77.019965,art and architecture,national gallery of art,highest priority,r_3rxzagbuhfrd8cf,Y
38.93,-77.102222,historic homes,dr. kameny house,medium priority,r_1kfmbchhf6qv431,Y
38.8893459,-77.0447157,"nationally familiar landscapes - tidal basin, reflecting pool, the mall",reflecting pool,high priority,r_bdxbuczihblhjxh,Y
38.8896198,-77.0229772,urban design,national mall,high priority,r_vi5mm7t9v1b59en,Y
38.8813806,-77.0364536,memorials and monuments,jefferson,highest priority,r_3ndcrjftkaywg2b,Y
38.8912933,-77.0477132,war memorials,vietnam veterans memorial,medium priority,r_2rbfbioolgorhuu,Y
38.8928229,-77.0229648,"archives, including photographs",national archives, ,r_3p7xclhfaedxrsv,Y
38.9110365,-77.0469753,small-scale historical and commemorative monuments,gandi statue,medium priority,r_3m8pnqjyjaxi3os,Y
38.9417217,-77.0118456,buildings,president lincoln's cottage,highest priority,r_sdzcjogcfg83uon,Y
38.9305946,-77.0707808,churches,national cathedral,highest priority,r_cgfxmabkvhaqgxb,Y
38.9375639,-77.0479223,cemeteries,rock creek park,not a priority,r_2zbwymkoievyjl6,Y
38.8892686,-77.050176,statues,abraham lincoln in lincoln memorial,high priority,r_8w9izs7hkh5yfhh,Y
38.8894838,-77.0352791,monuments,virginia washington monument, ,r_3qgjnob1nysxu4p,Y
38.8912933,-77.0477132,structures,vietnam memorial,high priority,r_3gyl38glauuwjnm,Y
38.9000198,-77.0381792,historic homes,decatur house,medium priority,r_1kfmbchhf6qv431,Y
38.8896198,-77.0229772,"nationally familiar landscapes - tidal basin, reflecting pool, the mall",the national mall,highest priority,r_bdxbuczihblhjxh,Y
38.8892686,-77.050176,memorials and monuments,lincoln,highest priority,r_3ndcrjftkaywg2b,Y
38.8894206,-77.0404978,war memorials,wwii memorial,medium priority,r_2rbfbioolgorhuu,Y
38.8632895,-76.9851973,museum collections,frederick douglass historic site,highest priority,r_2ysx6l5o3thhqls,Y
38.9134043,-77.0660321,"archives, including photographs",washingtoniana collection at dc library; georgetown room at georgetown branch, ,r_3p7xclhfaedxrsv,Y
38.916303,-77.025317,small-scale historical and commemorative monuments,african american civil war monument,medium priority,r_3m8pnqjyjaxi3os,Y
38.905556,-77.060556,buildings,old stone house,highest priority,r_sdzcjogcfg83uon,Y
38.8813806,-77.0364536,statues,jefferson in jefferson memorial,high priority,r_8w9izs7hkh5yfhh,Y
38.8813806,-77.0364536,structures,jefferson memorial,high priority,r_3gyl38glauuwjnm,Y
38.8993506,-76.9627396,archaeological sites,sites along anacostia river,high priority,r_1f3aarezamiclts,Y
38.9375639,-77.0479223,recreation,rock creek park, ,r_shj7d6dvy0l1pml,Y
38.963056,-77.051111,earthworks,ft derussy,medium priority,r_1gznuanq0c3dwvl,Y
38.8963424,-77.04141,historic homes,octagon,high priority,r_1kfmbchhf6qv431,Y
38.8881608,-77.0229682,"nationally familiar landscapes - tidal basin, reflecting pool, the mall",the hirschorn sculpture garden,high priority,r_bdxbuczihblhjxh,Y
38.8829478,-77.0424441,memorials and monuments,fdr,highest priority,r_3ndcrjftkaywg2b,Y
38.8878219,-77.0477897,war memorials,korean war veterans memorial,medium priority,r_2rbfbioolgorhuu,Y
38.8977516,-77.0176188,museum collections,national building museum,highest priority,r_2ysx6l5o3thhqls,Y
38.8632895,-76.9851973,small-scale historical and commemorative monuments,frederick douglass nhs,high priority,r_3m8pnqjyjaxi3os,Y
38.8441371,-76.9916557,buildings,"center building, st. elizabeth's hospital",highest priority,r_sdzcjogcfg83uon,Y
38.9359689,-77.0499654,structures,klingle mansion, ,r_2pw8fgljpi6ennr,Y
38.8829478,-77.0424441,statues,eleanor and fdr in fdr memorial,high priority,r_8w9izs7hkh5yfhh,Y
38.8966824,-77.063008,archaeological sites,teddy roosevelt island,high priority,r_1f3aarezamiclts,Y
38.9644,-77.0292,earthworks,ft stevens,medium priority,r_1gznuanq0c3dwvl,Y
38.9138446,-77.0516441,historic homes,woodrow wilson house,high priority,r_1kfmbchhf6qv431,Y
38.8881451,-77.0128833,"nationally familiar landscapes - tidal basin, reflecting pool, the mall",the us botanical garden,high priority,r_bdxbuczihblhjxh,Y
38.8861994,-77.0442038,memorials and monuments,mlk,highest priority,r_3ndcrjftkaywg2b,Y
38.8881608,-77.0229682,museum collections,hirshhorn,highest priority,r_2ysx6l5o3thhqls,Y
38.9216743,-77.0668837,buildings,old naval observatory,highest priority,r_sdzcjogcfg83uon,Y
38.9402421,-77.0518827,structures,peirce mill, ,r_2pw8fgljpi6ennr,Y
38.8796066,-77.0392043,statues,george mason memorial,high priority,r_8w9izs7hkh5yfhh,Y
38.9108164,-77.0242075,historic homes,carter woodson house,medium priority,r_1kfmbchhf6qv431,Y
38.9276941,-77.0367035,memorials and monuments,francis ashbury,high priority,r_3ndcrjftkaywg2b,Y
38.8829927,-76.9931301,buildings,"old naval hospital, now the hill center",highest priority,r_sdzcjogcfg83uon,Y
38.8924013,-77.0484184,statues,giant einstein on constitution ave,high priority,r_8w9izs7hkh5yfhh,Y
38.8896198,-77.0229772,recreation,national mall events, ,r_shj7d6dvy0l1pml,Y
38.9304262,-77.0367467,memorials and monuments,marconi,high priority,r_3ndcrjftkaywg2b,Y
38.9304262,-77.0367467,memorials and monuments,marconi,high priority,r_3ndcrjftkaywg2b,Y
38.888135,-77.02739,museum collections,sackler,highest priority,r_2ysx6l5o3thhqls,Y
38.9134493,-77.0703829,buildings,duke ellington high school,highest priority,r_sdzcjogcfg83uon,Y
38.9506474,-77.04209,structures,cater barron ampitheather, ,r_2pw8fgljpi6ennr,Y
38.8956868,-77.0419824,memorials and monuments,rawlins statue,high priority,r_3ndcrjftkaywg2b,Y
38.888684,-77.004719,"archives, including photographs",olmsted firm archive collections - flonhs and loc, ,r_3p7xclhfaedxrsv,Y
38.8878219,-77.0477897,small-scale historical and commemorative monuments,korean war memorial,medium priority,r_3m8pnqjyjaxi3os,Y
38.9102218,-77.0375891,buildings,stead park recreation center,high priority,r_sdzcjogcfg83uon,Y
38.9296156,-77.0497844,recreation,national zoo, ,r_shj7d6dvy0l1pml,Y
38.8881601,-77.0198679,museum collections,air and space,highest priority,r_2ysx6l5o3thhqls,Y
38.888684,-77.004719,"archives, including photographs","nps heritage documentation collection (habs, haer, hals) at loc", ,r_3p7xclhfaedxrsv,Y
38.910833,-77.056111,historic homes,dumbarton,medium priority,r_1kfmbchhf6qv431,Y
38.8912933,-77.0477132,memorials and monuments,vietnam,highest priority,r_3ndcrjftkaywg2b,Y
38.8883484,-77.0165034,museum collections,american indian,highest priority,r_2ysx6l5o3thhqls,Y
38.8719361,-77.0193187,small-scale historical and commemorative monuments,titanic monument in navy yard,not a priority,r_3m8pnqjyjaxi3os,Y
38.938889,-77.083056,buildings,navy chapel in nebraska ave. complex,highest priority,r_sdzcjogcfg83uon,Y
38.892316,-77.003768,structures,belmont paul, ,r_2pw8fgljpi6ennr,Y
38.9375639,-77.0479223,archeology - native american,soapstone quarries rock creek,high priority,r_8w9izs7hkh5yfhh,Y
38.9443889,-76.9750278,objects,dc boundary stones,medium priority,r_3gyl38glauuwjnm,Y
38.8899389,-77.0090505,buidlings,capitol,high priority,r_v2kenleslvx7szt,Y
38.8966824,-77.063008,potomac river,teddy roosevelt island,high priority,r_1f3aarezamiclts,Y
38.8881608,-77.0229682,art,hirshhorn museum and sculpture garden, ,r_shj7d6dvy0l1pml,Y
38.8896198,-77.0229772,parks,national mall,high priority,r_vi5mm7t9v1b59en,Y
38.892778,-77.023056,the declaration of independence,the constitution,highest priority,r_3l0f4get4abitl8,Y
38.892778,-77.023056,written documents and ephemera,us. constitution,highest priority,r_3g0p12bdavkrzsh,Y
38.8976763,-77.0365298,historic homes,white house,highest priority,r_3ndcrjftkaywg2b,Y
38.8899389,-77.0090505,architecture,the capitol, ,r_1fkipkw4n4s2r8w,Y
38.8896198,-77.0229772,green spaces,the mall,highest priority,r_3m8pnqjyjaxi3os,Y
38.8976763,-77.0365298,buidlings,white house,high priority,r_v2kenleslvx7szt,Y
38.8958482,-77.0556827,art,kennedy center, ,r_shj7d6dvy0l1pml,Y
38.8919365,-77.0397484,canals,locktender house(s),medium priority,r_1kfmbchhf6qv431,Y
38.8896198,-77.0229772,"human impact on natural resources (potomac), parks",the mall,high priority,r_vuz6kzgsla405gx,Y
38.888135,-77.02739,museums - smithsonian complex,the freer gallery,high priority,r_bdxbuczihblhjxh,Y
38.892778,-77.023056,written documents and ephemera,us declaration of independence,highest priority,r_3g0p12bdavkrzsh,Y
38.8973308,-77.0219425,neighborhoods/districs,penn quarter,highest priority,r_2ysx6l5o3thhqls,Y
38.9375639,-77.0479223,green spaces,rock creek park,high priority,r_3m8pnqjyjaxi3os,Y
38.8980581,-77.0208799,entertainment,the verizon center,low priority,r_3rxzagbuhfrd8cf,Y
38.8923272,-77.0068194,buidlings,senate buildings,high priority,r_v2kenleslvx7szt,Y
38.89667,-77.0256687,art,ford's theater, ,r_shj7d6dvy0l1pml,Y
38.9296156,-77.0497844,"human impact on natural resources (potomac), parks",zoo,high priority,r_vuz6kzgsla405gx,Y
38.8881601,-77.0198679,museums - smithsonian complex,air & space museum,medium priority,r_bdxbuczihblhjxh,Y
38.8632895,-76.9851973,historic homes,frederick douglass house,highest priority,r_3ndcrjftkaywg2b,Y
38.8875346,-77.0548459,structures,arlington memorial bridge,high priority,r_sdzcjogcfg83uon,Y
38.8913,-77.0259,objects,the hope diamond,low priority,r_3gyl38glauuwjnm,Y
38.8922855,-77.0597791,potomac river,roosevelt bridge,high priority,r_1f3aarezamiclts,Y
38.8928229,-77.0229648,museums - smithsonian complex,national archives,highest priority,r_bdxbuczihblhjxh,Y
38.888684,-77.004719,written documents and ephemera,collections in the library of congress,highest priority,r_3g0p12bdavkrzsh,Y
38.892316,-77.003768,historic homes,belmont-paul,highest priority,r_3ndcrjftkaywg2b,Y
38.9068,-77.0521,neighborhoods/districs,west end,high priority,r_2ysx6l5o3thhqls,Y
38.904722,-77.016389,food destinations,"washington, dc",high priority,r_0oolmyw832v3jxb,Y
38.9210639,-77.0358109,green spaces,malcolm x park,high priority,r_3m8pnqjyjaxi3os,Y
38.8894838,-77.0352791,structures,washington monument,highest priority,r_sdzcjogcfg83uon,Y
38.9169998,-77.0253825,entertainment,u street,high priority,r_3rxzagbuhfrd8cf,Y
38.892778,-77.023056,objects,the declaration of independence,high priority,r_3gyl38glauuwjnm,Y
38.8881601,-77.0198679,buidlings,smithsonian buildings,high priority,r_v2kenleslvx7szt,Y
38.8875346,-77.0548459,potomac river,arlington bridge,high priority,r_1f3aarezamiclts,Y
38.8896198,-77.0229772,canals,locktender house on mall,medium priority,r_1kfmbchhf6qv431,Y
38.8912662,-77.0260654,museums - smithsonian complex,national history museum,high priority,r_bdxbuczihblhjxh,Y
38.905556,-77.060556,historic homes,old stone house,highest priority,r_3ndcrjftkaywg2b,Y
38.909444,-77.065,neighborhoods/districs,georgetown,high priority,r_2ysx6l5o3thhqls,Y
38.8840761,-77.0384557,structures,reflecting basin,high priority,r_sdzcjogcfg83uon,Y
38.9023127,-77.0183252,entertainment,busboys and poets restaurants,medium priority,r_3rxzagbuhfrd8cf,Y
38.9333675,-77.0006569,buidlings,basilica of the national shrine of the immaculate conception,high priority,r_v2kenleslvx7szt,Y
38.8912793,-77.0300509,museums - smithsonian complex,natural history museum,medium priority,r_bdxbuczihblhjxh,Y
38.8764653,-77.0005547,neighborhoods/districs,navy yard,high priority,r_2ysx6l5o3thhqls,Y
38.8822,-77.0557,cultural landscapes,lady bird johnson park,high priority,r_0sbsdq6xewccwcx,Y
38.922925,-77.005988,green spaces,glenwood cemetery, ,r_3m8pnqjyjaxi3os,Y
38.9707383,-77.0267,battlefields,battlefield cemetery, ,r_ahsf0bonuemlpkj,Y
38.8910644,-77.032614,museums - smithsonian complex,african american museum,highest priority,r_bdxbuczihblhjxh,Y
38.9096936,-77.043339,neighborhoods/districs,dupont circle,highest priority,r_2ysx6l5o3thhqls,Y
38.912596,-76.9418223,green spaces,kennilworth aquatic gardens,medium priority,r_3m8pnqjyjaxi3os,Y
38.8806266,-77.0036489,structures,virginia avenue tunnel (rr),high priority,r_sdzcjogcfg83uon,Y
38.8792688,-76.9519157,battlefields,fort circle parks, ,r_ahsf0bonuemlpkj,Y
38.8883484,-77.0165034,museums - smithsonian complex,museum of the american indian,medium priority,r_bdxbuczihblhjxh,Y
38.8861994,-77.0442038,structures,"st. elizabeth's hospital wall on mlk ave, se",highest priority,r_sdzcjogcfg83uon,Y
38.963056,-77.051111,battlefields,fort derussey, ,r_ahsf0bonuemlpkj,Y
38.8991402,-77.0390322,museums - smithsonian complex,the renwick,highest priority,r_bdxbuczihblhjxh,Y
38.8911268,-77.043203,cultural landscapes,constitution gardens,high priority,r_0sbsdq6xewccwcx,Y
38.8964221,-77.0065045,structures,columbus fountain at union station,high priority,r_sdzcjogcfg83uon,Y
38.952,-77.0759,battlefields,fort reno, ,r_ahsf0bonuemlpkj,Y
38.8978692,-77.0230529,museums - smithsonian complex,the nat'l portrait gallery,highest priority,r_bdxbuczihblhjxh,Y
38.9096936,-77.043339,cultural landscapes,dupont circle,high priority,r_0sbsdq6xewccwcx,Y
38.8733015,-76.9919479,structures,latrobe gate at washington navy yard,highest priority,r_sdzcjogcfg83uon,Y
38.8892686,-77.050176,memorials,lincoln memorial, ,r_ahsf0bonuemlpkj,Y
38.8632895,-76.9851973,african american heritage sites,douglass house,highest priority,r_1kfmbchhf6qv431,Y
38.8892686,-77.050176,monuments,lincoln,high priority,r_vi5mm7t9v1b59en,Y
38.8894838,-77.0352791,monuments,washington monument,highest priority,r_3l0f4get4abitl8,Y
38.888684,-77.004719,recordings (audio and visual),collections in the library of congress,high priority,r_3g0p12bdavkrzsh,Y
38.8894206,-77.0404978,objects (memorials mainly),world war ii,high priority,r_0sbsdq6xewccwcx,Y
38.91213,-76.9657782,landscapes,national arboretum,medium priority,r_sdzcjogcfg83uon,Y
38.8892686,-77.025833,museum objects,abe lincoln pillow, ,r_2pw8fgljpi6ennr,Y
38.8829478,-77.0424441,tidal basin,fdr memorial,high priority,r_1f3aarezamiclts,Y
38.8894838,-77.0352791,memorials,washington monument, ,r_ahsf0bonuemlpkj,Y
38.8813806,-77.0364536,monuments,jefferson,high priority,r_vi5mm7t9v1b59en,Y
38.8813806,-77.0364536,monuments,jefferson memorial,highest priority,r_3l0f4get4abitl8,Y
38.9083,-76.979,cemeteries,mount olivet cemetery,high priority,r_2rbfbioolgorhuu,Y
38.8912933,-77.0477132,objects (memorials mainly),vietnam veterans,high priority,r_0sbsdq6xewccwcx,Y
38.8966824,-77.063008,landscapes,roosevelt island,high priority,r_sdzcjogcfg83uon,Y
38.8861994,-77.0442038,tidal basin,mlk jr memorial,high priority,r_1f3aarezamiclts,Y
38.8813806,-77.0364536,memorials,jefferson memorial, ,r_ahsf0bonuemlpkj,Y
38.915556,-77.016667,african american heritage sites,terrell house,medium priority,r_1kfmbchhf6qv431,Y
38.8912933,-77.0477132,monuments,vietnam war,high priority,r_vi5mm7t9v1b59en,Y
38.8892686,-77.050176,monuments,lincoln memorial,highest priority,r_3l0f4get4abitl8,Y
38.8703,-77.0263,recreation and entertainment facilities,east potomac golf course,highest priority,r_3ndcrjftkaywg2b,Y
38.9296156,-77.0497844,landscape gardens (cherry trees),smithsonian zoo,highest priority,r_2ysx6l5o3thhqls,Y
38.8719361,-77.0193187,objects (memorials mainly),titanic memorial,medium priority,r_0sbsdq6xewccwcx,Y
38.8792688,-76.9519157,battlefields,civil war defenses of washington,high priority,r_8w9izs7hkh5yfhh,Y
38.8813806,-77.0364536,tidal basin,jefferson memorial,high priority,r_1f3aarezamiclts,Y
38.8829478,-77.0424441,memorials,frederick d. roosevelt memorial, ,r_ahsf0bonuemlpkj,Y
38.9108164,-77.0242075,african american heritage sites,carter woodson house,high priority,r_1kfmbchhf6qv431,Y
38.8894206,-77.0404978,monuments,ww2,high priority,r_vi5mm7t9v1b59en,Y
38.8861994,-77.0442038,monuments,martin luther king memorial statue,highest priority,r_3l0f4get4abitl8,Y
38.9276941,-77.0367035,objects (memorials mainly),francis asbury memorial,medium priority,r_0sbsdq6xewccwcx,Y
38.8896198,-77.0229772,landscapes,national mall,highest priority,r_sdzcjogcfg83uon,Y
38.9644,-77.0292,battlefields,fort stevens,high priority,r_8w9izs7hkh5yfhh,Y
38.8796066,-77.0392043,tidal basin,george mason memorial,high priority,r_1f3aarezamiclts,Y
38.8966824,-77.063008,memorials,theodore roosevelt island, ,r_ahsf0bonuemlpkj,Y
38.899444,-76.973889,african american heritage sites,langston terrace houses,medium priority,r_1kfmbchhf6qv431,Y
38.896,-77.0331,monuments,ww1,high priority,r_vi5mm7t9v1b59en,Y
38.897778,-77.0325,monuments,wwi wall,highest priority,r_3l0f4get4abitl8,Y
38.8861994,-77.0442038,memorials,martin luther king jr. memorial, ,r_ahsf0bonuemlpkj,Y
38.8958,-76.9772675,african american heritage sites,kingman park,medium priority,r_1kfmbchhf6qv431,Y
38.8894,-77.040517,monuments,wwii wall,highest priority,r_3l0f4get4abitl8,Y
38.9667,-77.0403,recreation and entertainment facilities,rock creek golf course,highest priority,r_3ndcrjftkaywg2b,Y
38.8990159,-77.0353637,objects (memorials mainly),gen. lafayette statue,high priority,r_0sbsdq6xewccwcx,Y
38.9707383,-77.0267,landscapes,battleground national cemetery,highest priority,r_sdzcjogcfg83uon,Y
38.8912933,-77.0477132,memorials,vietnam veterans memorial, ,r_ahsf0bonuemlpkj,Y
38.8892686,-77.050176,scenic views,lincoln memorial and cherry trees, ,r_shj7d6dvy0l1pml,Y
38.8910644,-77.032614,african american heritage sites,national museum of african american history,highest priority,r_1kfmbchhf6qv431,Y
38.8912933,-77.0477132,monuments,vietnam wall,highest priority,r_3l0f4get4abitl8,Y
38.89862,-76.969957,recreation and entertainment facilities,langston golf course,highest priority,r_3ndcrjftkaywg2b,Y
38.9443889,-76.9750278,objects (memorials mainly),boundary stones for district of columbia,low priority,r_0sbsdq6xewccwcx,Y
38.947778,-77.013056,landscapes,rock creek churchyard and cemetery,high priority,r_sdzcjogcfg83uon,Y
38.8874,-76.9485,battlefields,fort dupont,high priority,r_8w9izs7hkh5yfhh,Y
38.8878219,-77.0477897,memorials,korean war veterans memorial, ,r_ahsf0bonuemlpkj,Y
38.8878219,-77.0477897,monuments,korean wall,highest priority,r_3l0f4get4abitl8,Y
38.9375639,-77.0479223,recreation and entertainment facilities,rock creek nature center,highest priority,r_3ndcrjftkaywg2b,Y
38.916303,-77.025317,objects (memorials mainly),african american civil war memorial,high priority,r_0sbsdq6xewccwcx,Y
38.873333,-76.996944,landscapes,washington navy yard parade ground,high priority,r_sdzcjogcfg83uon,Y
38.8897762,-77.012924,memorials,ulysses s. grant memorial, ,r_ahsf0bonuemlpkj,Y
38.8896198,-77.0229772,scenic views,view of capitol from national mall, ,r_shj7d6dvy0l1pml,Y
38.8937372,-77.0212876,objects (memorials mainly),temperance fountain,medium priority,r_0sbsdq6xewccwcx,Y
38.8794866,-76.9945183,landscapes,marine barracks parade ground,high priority,r_sdzcjogcfg83uon,Y
38.888985,-77.012328,memorials,james a. garfield memorial statue, ,r_ahsf0bonuemlpkj,Y
38.91213,-76.9657782,scenic views,views at national arboretum, ,r_shj7d6dvy0l1pml,Y
38.8874,-76.9485,landscapes,fort dupont,high priority,r_sdzcjogcfg83uon,Y
38.8910644,-77.032614,slavery,african american museum,highest priority,r_8w9izs7hkh5yfhh,Y
38.8896198,-77.0229772,urban green space,national mall,highest priority,r_1f3aarezamiclts,Y
38.891298,-77.019965,museums,national gallery of art, ,r_ahsf0bonuemlpkj,Y
38.8892686,-77.050176,monuments,lincoln memorial, ,r_shj7d6dvy0l1pml,Y
38.8894838,-77.0352791,memorails,washington monument,highest priority,r_3l0f4get4abitl8,Y
38.8859942,-77.0212813,festivals/gatherings,smithsonian folklife festival,medium priority,r_3g0p12bdavkrzsh,Y
38.8883,-77.0166,sacred objects,objects in smithsonian museum of native american history,high priority,r_2rbfbioolgorhuu,Y
38.9375639,-77.0479223,parks,rock creek,high priority,r_2ysx6l5o3thhqls,Y
38.9210639,-77.0358109,"cultural landscapes, with 13 character-defining features",meridian hill park, ,r_3p7xclhfaedxrsv,Y
38.8894838,-77.0352791,monuments,wasington, ,r_2ylnyfxvaecyvaj,Y
38.8861994,-77.0442038,architecture,mlk library (still nr eligible though?),medium priority,r_3m8pnqjyjaxi3os,Y
38.8874,-76.9485,parks,fort dupont earthworks,highest priority,r_sdzcjogcfg83uon,Y
38.8913,-77.0259,artifacts,hope diamond,medium priority,r_cgfxmabkvhaqgxb,Y
38.8894838,-77.0352791,monuments,washington,highest priority,r_2zbwymkoievyjl6,Y
38.8894838,-77.0352791,monuments,washington monument, ,r_2pw8fgljpi6ennr,Y
38.8893459,-77.0447157,urban green space,reflecting pool,high priority,r_1f3aarezamiclts,Y
38.8881608,-77.0229682,museums,hirshhorn gallery and sculpture garden, ,r_ahsf0bonuemlpkj,Y
38.8813806,-77.0364536,monuments,thomas jefferson memorial, ,r_shj7d6dvy0l1pml,Y
38.8813806,-77.0364536,memorails,jefferson memorial,highest priority,r_3l0f4get4abitl8,Y
38.881667,-77.035,festivals/gatherings,cherry blossom festival,medium priority,r_3g0p12bdavkrzsh,Y
38.8910644,-77.032614,sacred objects,objects in smithsonian museum of african american history,high priority,r_2rbfbioolgorhuu,Y
38.8667031,-76.9985604,parks,anacostia park,high priority,r_2ysx6l5o3thhqls,Y
38.8896198,-77.0229772,"cultural landscapes, with 13 character-defining features","the national mall, including the lincoln memorial grounds", ,r_3p7xclhfaedxrsv,Y
38.8892686,-77.050176,monuments,lincoln, ,r_2ylnyfxvaecyvaj,Y
38.9212612,-77.06652,potomac river,naval observatory, ,r_1ir1rhvkmnyocry,Y
38.8892686,-77.050176,monuments,lincoln,highest priority,r_2zbwymkoievyjl6,Y
38.8966824,-77.063008,urban green space,teddy roosevelt island,high priority,r_1f3aarezamiclts,Y
38.8887861,-77.0260229,museums,smithsonian castle, ,r_ahsf0bonuemlpkj,Y
38.8912933,-77.0477132,monuments,vietnam wall, ,r_shj7d6dvy0l1pml,Y
38.8892686,-77.050176,memorails,lincoln memorial,highest priority,r_3l0f4get4abitl8,Y
38.8896198,-77.0229772,parks,national mall,highest priority,r_2ysx6l5o3thhqls,Y
38.914148,-77.0640129,"cultural landscapes, with 13 character-defining features",dumbarton oaks park, ,r_3p7xclhfaedxrsv,Y
38.8668,-76.9461,parks,fort davis earthworks,highest priority,r_sdzcjogcfg83uon,Y
38.8813806,-77.0364536,monuments,jefferson,highest priority,r_2zbwymkoievyjl6,Y
38.920413,-77.0614491,monuments,k gilbrahn monument, ,r_2pw8fgljpi6ennr,Y
38.9296156,-77.0497844,urban green space,national zoo,high priority,r_1f3aarezamiclts,Y
38.8912662,-77.0260654,museums,national museum of natural history, ,r_ahsf0bonuemlpkj,Y
38.8894206,-77.0404978,monuments,world war ii, ,r_shj7d6dvy0l1pml,Y
38.8875346,-77.0548459,transportation - parkways,arlington memorial bridge,highest priority,r_1kfmbchhf6qv431,Y
38.8861994,-77.0442038,memorails,martin luther king memorial statue,highest priority,r_3l0f4get4abitl8,Y
38.8896198,-77.0229772,historic districts,national mall historic district,highest priority,r_0sbsdq6xewccwcx,Y
38.8975917,-77.0386685,architecture,old executive office building,medium priority,r_3m8pnqjyjaxi3os,Y
38.8953674,-76.9447835,parks,fort mahan earthworks,high priority,r_sdzcjogcfg83uon,Y
38.896,-77.0331,monuments,wwi,highest priority,r_2zbwymkoievyjl6,Y
38.9375639,-77.0479223,urban green space,rock creek park,high priority,r_1f3aarezamiclts,Y
38.8912793,-77.0300509,museums,national museum of american history, ,r_ahsf0bonuemlpkj,Y
38.8878219,-77.0477897,monuments,korean war, ,r_shj7d6dvy0l1pml,Y
38.8896198,-77.0229772,commercial,malls,low priority,r_3khaxpkhdfvfdea,Y
38.891298,-77.019965,architecture,im pei nga,medium priority,r_3m8pnqjyjaxi3os,Y
38.8894206,-77.0404978,monuments,wwii,highest priority,r_2zbwymkoievyjl6,Y
38.91213,-76.9657782,urban green space,national arboretum,high priority,r_1f3aarezamiclts,Y
38.888135,-77.02739,museums,sackler gallery, ,r_ahsf0bonuemlpkj,Y
38.8829478,-77.0424441,monuments,roosevelt memorial, ,r_shj7d6dvy0l1pml,Y
38.8881608,-77.0229682,architecture,hirshhorn,medium priority,r_3m8pnqjyjaxi3os,Y
38.9359689,-77.0499654,parks,klingle mansion,highest priority,r_sdzcjogcfg83uon,Y
38.8861994,-77.0442038,monuments,mlk,highest priority,r_2zbwymkoievyjl6,Y
38.8910644,-77.032614,museums,national museum of african american history and culture, ,r_ahsf0bonuemlpkj,Y
38.8861994,-77.0442038,monuments,"martin luther king, jr. memorial", ,r_shj7d6dvy0l1pml,Y
38.8878219,-77.0477897,monuments,korean war,highest priority,r_2zbwymkoievyjl6,Y
38.8978692,-77.0230529,museums,national portrait gallery, ,r_ahsf0bonuemlpkj,Y
38.9097057,-77.0653565,historic districts,georgetown historic district,high priority,r_0sbsdq6xewccwcx,Y
38.9210639,-77.0358109,parks,fountain and stairs in meridian hill park,high priority,r_sdzcjogcfg83uon,Y
38.8912933,-77.0477132,monuments,vietnam,highest priority,r_2zbwymkoievyjl6,Y
38.8991402,-77.0390322,museums,renwick gallery, ,r_ahsf0bonuemlpkj,Y
38.9096936,-77.043339,historic districts,dupont circle historic district,high priority,r_0sbsdq6xewccwcx,Y
38.8978609,-77.0229419,museums,national museum of american art, ,r_ahsf0bonuemlpkj,Y
38.8632895,-76.9851973,"cultural landscapes, with 13 character-defining features",frederick douglas house and grounds, ,r_3p7xclhfaedxrsv,Y
38.9402421,-77.0518827,parks,peirce mill,high priority,r_sdzcjogcfg83uon,Y
38.8896198,-77.0229772,symbolic landscapes,the mall,high priority,r_3gyl38glauuwjnm,Y
38.8977516,-77.0176188,government buildings,pension building, ,r_ahsf0bonuemlpkj,Y
38.8912662,-77.0260654,museums,smithsonian complex, ,r_shj7d6dvy0l1pml,Y
38.886389,-76.996667,commercial buildings,eastern market,medium priority,r_1kfmbchhf6qv431,Y
38.89667,-77.0256687,theatre,fords theatre,highest priority,r_2tah0zrebtsdsif,Y
38.8894838,-77.0352791,monuments,washington monument,highest priority,r_sdzcjogcfg83uon,Y
38.8896198,-77.0229772,dc swamp infill and growth,mall area, ,r_1ir1rhvkmnyocry,Y
38.8958482,-77.0556827,cultural orgs,kennedy ctr,not a priority,r_2zbwymkoievyjl6,Y
38.8813806,-77.0364536,memorials,jefferson, ,r_2pw8fgljpi6ennr,Y
38.8896198,-77.0229772,symbolic landscapes,the monuments around the mall,high priority,r_3gyl38glauuwjnm,Y
38.8899389,-77.0090505,government buildings,capitol building, ,r_ahsf0bonuemlpkj,Y
38.8838726,-77.0254588,museums,spy museum, ,r_shj7d6dvy0l1pml,Y
38.898756,-77.034122,commercial buildings,riggs bank,medium priority,r_1kfmbchhf6qv431,Y
38.8958482,-77.0556827,theatre,the kennedy center,high priority,r_2tah0zrebtsdsif,Y
38.92261,-77.042661,cultural spaces,"streetscapes of adams morgan, h street, u street",high priority,r_3m8pnqjyjaxi3os,Y
38.8892686,-77.050176,monuments,lincoln memorial,highest priority,r_sdzcjogcfg83uon,Y
38.8892686,-77.050176,memorials,lincoln, ,r_2pw8fgljpi6ennr,Y
38.8899389,-77.0090505,symbolic landscapes,the capitol and other government buildings,high priority,r_3gyl38glauuwjnm,Y
38.893889,-77.0425,government buildings,interior department building, ,r_ahsf0bonuemlpkj,Y
38.8883484,-77.0165034,museums,native american museum, ,r_shj7d6dvy0l1pml,Y
38.8972146,-77.0325415,commercial buildings,willard hotel,medium priority,r_1kfmbchhf6qv431,Y
38.8966824,-77.063008,monuments,theodore roosevelt memorial,highest priority,r_sdzcjogcfg83uon,Y
38.9029744,-77.0303124,cultural orgs,wash post,not a priority,r_2zbwymkoievyjl6,Y
38.8912793,-77.0300509,shipwrecks,gunboat philadelphia (in the smithsonian),low priority,r_v2kenleslvx7szt,Y
38.8996143,-77.0175363,government buildings,government accountability office, ,r_ahsf0bonuemlpkj,Y
38.8910644,-77.032614,museums,african american museum, ,r_shj7d6dvy0l1pml,Y
38.9051691,-77.004806,commercial buildings,woodward & lathrop warehouse,medium priority,r_1kfmbchhf6qv431,Y
38.886389,-76.996667,cultural spaces,eastern market,low priority,r_3m8pnqjyjaxi3os,Y
38.8894206,-77.0404978,monuments,dc great war memorial,highest priority,r_sdzcjogcfg83uon,Y
38.8931343,-77.0504461,cultural orgs,instit peace,not a priority,r_2zbwymkoievyjl6,Y
38.8955927,-77.0251807,government buildings,federal bureau of investigation headquarters, ,r_ahsf0bonuemlpkj,Y
38.8977516,-77.0176188,museums,national building museum, ,r_shj7d6dvy0l1pml,Y
38.9153196,-76.9841985,commercial buildings,hecht's,medium priority,r_1kfmbchhf6qv431,Y
38.9083394,-76.9970507,cultural spaces,union market,low priority,r_3m8pnqjyjaxi3os,Y
38.8894206,-77.0404978,monuments,ww ii memorial,highest priority,r_sdzcjogcfg83uon,Y
38.8630554,-76.9830277,symbolic landscapes,anacostia,medium priority,r_3gyl38glauuwjnm,Y
38.893333,-77.025,government buildings,department of justice, ,r_ahsf0bonuemlpkj,Y
38.8999917,-76.9872636,commercial buildings,atlas theater,medium priority,r_1kfmbchhf6qv431,Y
38.8813806,-77.0364536,monuments,jefferson memorial,highest priority,r_sdzcjogcfg83uon,Y
38.897325,-77.033583,commercial buildings,rhodes tavern,medium priority,r_1kfmbchhf6qv431,Y
38.8829478,-77.0424441,monuments,fd roosevelt memorial,highest priority,r_sdzcjogcfg83uon,Y
38.8975917,-77.0386685,government buildings,eisenhower executive office building, ,r_ahsf0bonuemlpkj,Y
38.904509,-77.039701,commercial buildings,mayflower hotel,medium priority,r_1kfmbchhf6qv431,Y
38.8912933,-77.0477132,monuments,vietnam memorial,highest priority,r_sdzcjogcfg83uon,Y
38.8976763,-77.0365298,government buildings,white house, ,r_ahsf0bonuemlpkj,Y
38.897328,-77.030206,commercial buildings,sun building,medium priority,r_1kfmbchhf6qv431,Y
38.8878219,-77.0477897,monuments,korean war memorial,highest priority,r_sdzcjogcfg83uon,Y
38.8990086,-77.0384635,government buildings,blair house, ,r_ahsf0bonuemlpkj,Y
38.8975,-77.0325,commercial buildings,garfinckel's,medium priority,r_1kfmbchhf6qv431,Y
38.9707383,-77.0267,monuments,battleground national cemetery,highest priority,r_sdzcjogcfg83uon,Y
38.904722,-77.016389,sacred places,washington dc,medium priority,r_3gyl38glauuwjnm,Y
38.8897762,-77.012924,sculpture,u.s. grant memorial, ,r_ahsf0bonuemlpkj,Y
38.8997145,-77.0485992,colleges and universities (research & innovation),george washington, ,r_shj7d6dvy0l1pml,Y
38.914148,-77.0640129,landscapes,dumbarton oaks,high priority,r_1gznuanq0c3dwvl,Y
38.8811124,-76.9779875,cemeteries,congressional cemetery,medium priority,r_1kfmbchhf6qv431,Y
38.8896198,-77.0229772,viewsheds,national mall,high priority,r_sdzcjogcfg83uon,Y
38.8976763,-77.0365298,artifacts,white house visitor center,high priority,r_8w9izs7hkh5yfhh,Y
38.9305946,-77.0707808,sacred places,national cathedral,medium priority,r_3gyl38glauuwjnm,Y
38.8892686,-77.050176,sculpture,lincoln memorial statue, ,r_ahsf0bonuemlpkj,Y
38.8896198,-77.0229772,landscapes,national mall,highest priority,r_1gznuanq0c3dwvl,Y
38.8851,-76.9381,cemeteries,woodlawn cemetery,medium priority,r_1kfmbchhf6qv431,Y
38.8896198,-77.0229772,"roads, layouts",national mall,highest priority,r_2ysx6l5o3thhqls,Y
38.9375639,-77.0479223,"historic communities, historic places, historic districts",rock creek park (reservation 339), ,r_3p7xclhfaedxrsv,Y
38.8874,-76.9485,forts,dupont, ,r_2pw8fgljpi6ennr,Y
38.8912662,-77.0260654,artifacts,smithsonian museums,highest priority,r_8w9izs7hkh5yfhh,Y
38.888985,-77.012328,sculpture,garfield memorial statue, ,r_ahsf0bonuemlpkj,Y
38.909444,-77.065,colleges and universities (research & innovation),georgetown, ,r_shj7d6dvy0l1pml,Y
38.912596,-76.9418223,landscapes,kenilworth aquatic gardens,medium priority,r_1gznuanq0c3dwvl,Y
38.8792688,-76.9519157,battlefields,civil war defenses of washington,high priority,r_3ndcrjftkaywg2b,Y
38.909444,-77.065,"historic communities, historic places, historic districts","georgetown, dc", ,r_3p7xclhfaedxrsv,Y
38.963056,-77.051111,forts,de russey, ,r_2pw8fgljpi6ennr,Y
38.8924013,-77.0484184,sculpture,einstein statue, ,r_ahsf0bonuemlpkj,Y
38.9374948,-77.0888029,colleges and universities (research & innovation),american univ., ,r_shj7d6dvy0l1pml,Y
38.9096936,-77.043339,"roads, layouts",dupont circle,highest priority,r_2ysx6l5o3thhqls,Y
38.8966824,-77.063008,viewsheds,roosevelt island,highest priority,r_sdzcjogcfg83uon,Y
38.9210639,-77.0358109,sculpture,joan of arc in meridian hill park, ,r_ahsf0bonuemlpkj,Y
38.9368811,-76.998692,colleges and universities (research & innovation),catholic univ., ,r_shj7d6dvy0l1pml,Y
38.9136412,-77.0520914,sculpture,st. jerome outside embassy of croatia, ,r_ahsf0bonuemlpkj,Y
38.908422,-76.9923875,colleges and universities (research & innovation),gallaudet, ,r_shj7d6dvy0l1pml,Y
38.9474,-77.0103,cemeteries,adams memorial,medium priority,r_1kfmbchhf6qv431,Y
38.952,-77.0759,forts,reno, ,r_2pw8fgljpi6ennr,Y
38.889278,-77.050139,sculpture,arts of war, ,r_ahsf0bonuemlpkj,Y
38.8859,-77.047,sculpture,arts of peace, ,r_ahsf0bonuemlpkj,Y
38.9375639,-77.0479223,viewsheds,beach drive in rock creek park,high priority,r_sdzcjogcfg83uon,Y
38.8875346,-77.0548459,transportation infrastructure,arlington memorial bridge, ,r_3qgjnob1nysxu4p,Y
38.8866528,-77.0501876,sculpture,ericsson memorial, ,r_ahsf0bonuemlpkj,Y
38.8976763,-77.0365298,landscapes,white house gardens,medium priority,r_1gznuanq0c3dwvl,Y
38.9474,-77.0103,sculpture,adams memorial, ,r_ahsf0bonuemlpkj,Y
38.8840761,-77.0384557,landscapes,tidal basin/elipse,medium priority,r_1gznuanq0c3dwvl,Y
38.922925,-77.005988,cemeteries,glenwood cemetery,medium priority,r_1kfmbchhf6qv431,Y
38.91213,-76.9657782,viewsheds,national arboretum,high priority,r_sdzcjogcfg83uon,Y
38.8978692,-77.0230529,art,national portrait gallery,high priority,r_8w9izs7hkh5yfhh,Y
38.8881601,-77.0198679,museum collections,air & space museum,highest priority,r_1kfmbchhf6qv431,Y
38.9028878,-77.0653205,waterfront,georgetown waterfront,highest priority,r_3ndcrjftkaywg2b,Y
38.922925,-77.005988,cemeteries,glenwood,medium priority,r_3m8pnqjyjaxi3os,Y
38.8792688,-76.9519157,battlefields and military fortifications,civil war defenses of washington,high priority,r_sdzcjogcfg83uon,Y
38.8912662,-77.0260654,museums,all the smithonians,highest priority,r_cgfxmabkvhaqgxb,Y
38.913889,-77.052778,art,emmett statue, ,r_2pw8fgljpi6ennr,Y
38.911759,-77.0469117,art,phillips collection,high priority,r_8w9izs7hkh5yfhh,Y
38.8912507,-77.0167076,museum collections,east building art,highest priority,r_1kfmbchhf6qv431,Y
38.8811124,-76.9779875,cemeteries,congressional,medium priority,r_3m8pnqjyjaxi3os,Y
38.9304262,-77.0367467,art,marconni  statue, ,r_2pw8fgljpi6ennr,Y
38.9304262,-77.0367467,art,marconni  statue, ,r_2pw8fgljpi6ennr,Y
38.8991402,-77.0390322,art,renwick gallery,high priority,r_8w9izs7hkh5yfhh,Y
38.891298,-77.019965,museum collections,national museum of art,highest priority,r_1kfmbchhf6qv431,Y
38.8573047,-77.0223569,waterfront,haines point kayak dock,high priority,r_3ndcrjftkaywg2b,Y
38.8953674,-76.9447835,battlefields and military fortifications,fort mahan,high priority,r_sdzcjogcfg83uon,Y
38.9277,-77.0367,art,ashbury  statue, ,r_2pw8fgljpi6ennr,Y
38.887988,-77.025513,art,museum of african art,high priority,r_8w9izs7hkh5yfhh,Y
38.911759,-77.0469117,museum collections,phillips collection,high priority,r_1kfmbchhf6qv431,Y
38.8840761,-77.0384557,waterfront,tidal basin,highest priority,r_3ndcrjftkaywg2b,Y
38.9379,-77.0859,art,ward  statue, ,r_2pw8fgljpi6ennr,Y
38.888135,-77.02739,art,freer and sackler museums,high priority,r_8w9izs7hkh5yfhh,Y
38.9644,-77.0292,archeology,ft stevens,high priority,r_1gznuanq0c3dwvl,Y
38.8912662,-77.0260654,museum collections,national museum of natural history,highest priority,r_1kfmbchhf6qv431,Y
38.9083,-76.979,cemeteries,mount olivet,medium priority,r_3m8pnqjyjaxi3os,Y
38.9002339,-77.0289684,art,museum of women in art,high priority,r_8w9izs7hkh5yfhh,Y
38.9375639,-77.0479223,archeology,native american pottery at rock creek,highest priority,r_1gznuanq0c3dwvl,Y
38.8912793,-77.0300509,museum collections,national museum of american history,highest priority,r_1kfmbchhf6qv431,Y
38.947778,-77.013056,cemeteries,rock creek,medium priority,r_3m8pnqjyjaxi3os,Y
38.8978692,-77.0230529,museum collections,national portrait gallery,highest priority,r_1kfmbchhf6qv431,Y
38.8883484,-77.0165034,museum collections,national museum of american indian,highest priority,r_1kfmbchhf6qv431,Y
38.9176,-77.0704,cemeteries,holy rood,medium priority,r_3m8pnqjyjaxi3os,Y
38.8874,-76.9485,battlefields and military fortifications,fort dupont,high priority,r_sdzcjogcfg83uon,Y
38.8910644,-77.032614,museum collections,national museum of african american history,highest priority,r_1kfmbchhf6qv431,Y
38.9707383,-77.0267,battlefields and military fortifications,battleground national cemetery,highest priority,r_sdzcjogcfg83uon,Y
38.8976763,-77.0365298,architectural/aesthetic resources,white house,highest priority,r_1kfmbchhf6qv431,Y
38.917224,-77.028782,restaurants,ben's chili bowl,high priority,r_3m8pnqjyjaxi3os,Y
38.8928229,-77.0229648,documents,national archives,highest priority,r_cgfxmabkvhaqgxb,Y
38.8632895,-76.9851973,sites of african-american significance,frederick douglass home site,medium priority,r_2rbfbioolgorhuu,Y
38.8860434,-76.999525,historic districts,capitol hill hd,high priority,r_sdzcjogcfg83uon,Y
38.892778,-77.023056,documents,declaration of independence,highest priority,r_cgfxmabkvhaqgxb,Y
38.914148,-77.0640129,architectural/aesthetic resources,dumbarton oaks,medium priority,r_1kfmbchhf6qv431,Y
38.8874,-76.9485,forts,ft. dupont,highest priority,r_3ndcrjftkaywg2b,Y
38.9097057,-77.0653565,historic districts,georgetown hd,high priority,r_sdzcjogcfg83uon,Y
38.892778,-77.023056,documents,constitution,highest priority,r_cgfxmabkvhaqgxb,Y
38.8963424,-77.04141,architectural/aesthetic resources,octagon,medium priority,r_1kfmbchhf6qv431,Y
38.952,-77.0759,forts,ft. reno,highest priority,r_3ndcrjftkaywg2b,Y
38.8792688,-76.9519157,historic districts,civil war defenses of washington,high priority,r_sdzcjogcfg83uon,Y
38.952,-77.0759,communities,ft. reno, ,r_2pw8fgljpi6ennr,Y
38.8976763,-77.0365298,history,history of white house,highest priority,r_1gznuanq0c3dwvl,Y
38.8945058,-77.0425503,architectural/aesthetic resources,department of the interior building,medium priority,r_1kfmbchhf6qv431,Y
38.9212418,-77.0434934,communities,adams morgan, ,r_2pw8fgljpi6ennr,Y
38.9081761,-77.030795,history,history of mary mcleod bethune house,medium priority,r_1gznuanq0c3dwvl,Y
38.8899389,-77.0090505,architectural/aesthetic resources,capital,highest priority,r_1kfmbchhf6qv431,Y
38.8268271,-77.0147038,forts,ft. greble,highest priority,r_3ndcrjftkaywg2b,Y
38.91213,-76.9657782,historic districts,national arboretum,high priority,r_sdzcjogcfg83uon,Y
38.898756,-77.034122,architectural/aesthetic resources,riggs bank,medium priority,r_1kfmbchhf6qv431,Y
38.8953674,-76.9447835,forts,ft. mahan,highest priority,r_3ndcrjftkaywg2b,Y
38.8958,-76.9772675,historic districts,kingman park hd,high priority,r_sdzcjogcfg83uon,Y
38.8668,-76.9461,forts,ft. davis,highest priority,r_3ndcrjftkaywg2b,Y
38.925451,-77.008232,historic districts,mcmillan park reservoir hd,high priority,r_sdzcjogcfg83uon,Y
38.8892686,-77.050176,architectural/aesthetic resources,lincoln memorial,highest priority,r_1kfmbchhf6qv431,Y
38.9296156,-77.0497844,historic districts,national zoological park,high priority,r_sdzcjogcfg83uon,Y
38.8556,-76.9794,industrial enterprises,pamplin pipe factory, ,r_3qgjnob1nysxu4p,Y
38.8975917,-77.0386685,architectural/aesthetic resources,old executive office building,medium priority,r_1kfmbchhf6qv431,Y
38.942211,-77.01326,historic districts,armed forces retirement home,high priority,r_sdzcjogcfg83uon,Y
